Asset,fast_hl_bars,slow_hl_bars,fast_hl_hours,slow_hl_hours,train_Mean_MAE,validation_Mean_MAE
BTC,1,72,0.08333333333333333,6.0,0.011421181247205562,0.009402930083721643
BTC,1,144,0.08333333333333333,12.0,0.007343969786998571,0.0059830215166652495
BTC,1,288,0.08333333333333333,24.0,0.005771278863813895,0.004873523871748952
BTC,1,576,0.08333333333333333,48.0,0.011712609780648964,0.010317976619731776
BTC,1,1008,0.08333333333333333,84.0,0.021486127871223667,0.018937118464604497
BTC,1,2016,0.08333333333333333,168.0,0.040532062555184864,0.035766739223094354
BTC,3,72,0.25,6.0,0.012319190360825747,0.010162142570290848
BTC,3,144,0.25,12.0,0.008275806277103104,0.0067652668398877356
BTC,3,288,0.25,24.0,0.0065697056861197195,0.0055311958811222195
BTC,3,576,0.25,48.0,0.012143671527024698,0.010649489817388048
BTC,3,1008,0.25,84.0,0.021565096993803903,0.018963797487546754
BTC,3,2016,0.25,168.0,0.04023395675743205,0.035502478983260116
BTC,6,72,0.5,6.0,0.01316039229130831,0.010869764256717807
BTC,6,144,0.5,12.0,0.009140723545643083,0.0074905846161898975
BTC,6,288,0.5,24.0,0.007327217198895799,0.006157854792084015
BTC,6,576,0.5,48.0,0.012584867600675826,0.010996659285856362
BTC,6,1008,0.5,84.0,0.021696515509335407,0.019031543624771146
BTC,6,2016,0.5,168.0,0.040005863849828904,0.0352516102641963
BTC,12,72,1.0,6.0,0.014311440981451836,0.011838587167306205
BTC,12,144,1.0,12.0,0.010306240884395142,0.008474903980394643
BTC,12,288,1.0,24.0,0.008352699182287943,0.007030043663598903
BTC,12,576,1.0,48.0,0.013223637762938717,0.011537317008810707
BTC,12,1008,1.0,84.0,0.021947442568878824,0.01921310770718839
BTC,12,2016,1.0,168.0,0.03980267062624182,0.034967957019971074
BTC,24,72,2.0,6.0,0.015918401167602635,0.0131910162420893
BTC,24,144,2.0,12.0,0.011917172307508514,0.009842816998887918
BTC,24,288,2.0,24.0,0.00978450964574999,0.00825832283106725
BTC,24,576,2.0,48.0,0.014195076297514438,0.012358969127456487
BTC,24,1008,2.0,84.0,0.022423111268713,0.01955536785686737
BTC,24,2016,2.0,168.0,0.03971610245834652,0.03466139982169672
ETH,1,72,0.08333333333333333,6.0,0.014683759543319436,0.011463701479176858
ETH,1,144,0.08333333333333333,12.0,0.009349535865111433,0.0073336484687845215
ETH,1,288,0.08333333333333333,24.0,0.007230068369576972,0.005784820339675614
ETH,1,576,0.08333333333333333,48.0,0.014740669713969787,0.01220215066371332
ETH,1,1008,0.08333333333333333,84.0,0.026628219561319673,0.022955420790925753
ETH,1,2016,0.08333333333333333,168.0,0.050617689209327354,0.04261653456160401
ETH,3,72,0.25,6.0,0.01584248323210774,0.012383084954317985
ETH,3,144,0.25,12.0,0.010545310573476263,0.008282490002350602
ETH,3,288,0.25,24.0,0.008256051405373709,0.006589974607128816
ETH,3,576,0.25,48.0,0.015334177654448458,0.012604132357149262
ETH,3,1008,0.25,84.0,0.026783686005016558,0.02299347993516217
ETH,3,2016,0.25,168.0,0.05036129937781524,0.04228411862466491
ETH,6,72,0.5,6.0,0.0169216180874592,0.01323667996671632
ETH,6,144,0.5,12.0,0.011647314384858061,0.009159725267550326
ETH,6,288,0.5,24.0,0.009209192971146338,0.007344446597286967
ETH,6,576,0.5,48.0,0.015932266997583728,0.0130086159358533
ETH,6,1008,0.5,84.0,0.02699310868521157,0.023066708147739555
ETH,6,2016,0.5,168.0,0.05019424841569525,0.04204866290491949
ETH,12,72,1.0,6.0,0.018400165004296726,0.014395454205646814
ETH,12,144,1.0,12.0,0.013139699624802766,0.010336455427380762
ETH,12,288,1.0,24.0,0.010512592088472345,0.008382382437423036
ETH,12,576,1.0,48.0,0.01678733563668633,0.013607967659894532
ETH,12,1008,1.0,84.0,0.0273806630500717,0.023239709049055937
ETH,12,2016,1.0,168.0,0.05006154682563516,0.041756576484129004
ETH,24,72,2.0,6.0,0.020476737097562918,0.016011829153280602
ETH,24,144,2.0,12.0,0.015217468004815434,0.011967250650134854
ETH,24,288,2.0,24.0,0.012348845698200543,0.009848071049440556
ETH,24,576,2.0,48.0,0.0180385758568605,0.01452587116256784
ETH,24,1008,2.0,84.0,0.028025672391988877,0.02359051117566626
ETH,24,2016,2.0,168.0,0.05002148159001755,0.041378042457264494
XRP,1,72,0.08333333333333333,6.0,0.017100716773761657,0.013692870710233193
XRP,1,144,0.08333333333333333,12.0,0.011089402699489487,0.008793998374527837
XRP,1,288,0.08333333333333333,24.0,0.008133742320306017,0.006676370329431491
XRP,1,576,0.08333333333333333,48.0,0.016230428843552358,0.0147389560554835
XRP,1,1008,0.08333333333333333,84.0,0.030642263682186553,0.028390930545436857
XRP,1,2016,0.08333333333333333,168.0,0.059276042368470866,0.05407490910470082
XRP,3,72,0.25,6.0,0.018510414904813793,0.014838949145597476
XRP,3,144,0.25,12.0,0.012556214602005525,0.009978141397773983
XRP,3,288,0.25,24.0,0.009407917284318933,0.007687086733597296
XRP,3,576,0.25,48.0,0.016846605990629232,0.015233773801739212
XRP,3,1008,0.25,84.0,0.030665170037323886,0.028405875067784893
XRP,3,2016,0.25,168.0,0.05862184028480576,0.053479220785354206
XRP,6,72,0.5,6.0,0.019809794668475218,0.015878715212134485
XRP,6,144,0.5,12.0,0.013895623159502261,0.011041604794296781
XRP,6,288,0.5,24.0,0.010597600640901166,0.008622766986276655
XRP,6,576,0.5,48.0,0.01747871073081069,0.015733738131057728
XRP,6,1008,0.5,84.0,0.030743196747390178,0.028482115141448987
XRP,6,2016,0.5,168.0,0.058024602860272396,0.05305208668459932
XRP,12,72,1.0,6.0,0.021573852630408726,0.017304623263916047
XRP,12,144,1.0,12.0,0.01569942069546382,0.01250002001733409
XRP,12,288,1.0,24.0,0.012218428827703132,0.009930356085504115
XRP,12,576,1.0,48.0,0.018420568782414326,0.016455108644733957
XRP,12,1008,1.0,84.0,0.030972184358296476,0.02860933013589916
XRP,12,2016,1.0,168.0,0.05737483762533745,0.05242826654432436
XRP,24,72,2.0,6.0,0.024004969111155405,0.019281691764949347
XRP,24,144,2.0,12.0,0.018169044450955456,0.01451852447343363
XRP,24,288,2.0,24.0,0.014465964529564012,0.011776502483616922
XRP,24,576,2.0,48.0,0.01985525120499203,0.01760651682650986
XRP,24,1008,2.0,84.0,0.03147837580855384,0.02897523925770993
XRP,24,2016,2.0,168.0,0.05669863475347757,0.05163752146797554
SOL,1,72,0.08333333333333333,6.0,0.023449259886827525,0.01650357349741022
SOL,1,144,0.08333333333333333,12.0,0.0149231990607704,0.01044843624058268
SOL,1,288,0.08333333333333333,24.0,0.011060698883316757,0.008060327626820993
SOL,1,576,0.08333333333333333,48.0,0.023495758965408186,0.016223241466945162
SOL,1,1008,0.08333333333333333,84.0,0.04458510586433031,0.029287485767863747
SOL,1,2016,0.08333333333333333,168.0,0.08784055868673296,0.055409562339483756
SOL,3,72,0.25,6.0,0.02535068391218292,0.017895872191484717
SOL,3,144,0.25,12.0,0.01688957065719128,0.011877723120277217
SOL,3,288,0.25,24.0,0.012719062711947976,0.009249777166195954
SOL,3,576,0.25,48.0,0.024359363892560666,0.016868131328255105
SOL,3,1008,0.25,84.0,0.04471037423418715,0.029376259038526933
SOL,3,2016,0.25,168.0,0.08715568052895767,0.05493276724899888
SOL,6,72,0.5,6.0,0.027143903430431236,0.019189523074893026
SOL,6,144,0.5,12.0,0.018729024311512698,0.013200432849809766
SOL,6,288,0.5,24.0,0.014316610108105598,0.01036644516847672
SOL,6,576,0.5,48.0,0.0252656250300792,0.01750536934738712
SOL,6,1008,0.5,84.0,0.04493965433854961,0.029505500513818287
SOL,6,2016,0.5,168.0,0.08663333371153935,0.05448217589062354
SOL,12,72,1.0,6.0,0.029604130874809537,0.020933978648843606
SOL,12,144,1.0,12.0,0.021227367191451834,0.014979233372083282
SOL,12,288,1.0,24.0,0.01652294134861564,0.011883217433373103
SOL,12,576,1.0,48.0,0.02664282817539262,0.018397325613170243
SOL,12,1008,1.0,84.0,0.04551160267980355,0.029748325579585316
SOL,12,2016,1.0,168.0,0.08615951772569296,0.05393461419926552
SOL,24,72,2.0,6.0,0.03303166179652872,0.023350220606951404
SOL,24,144,2.0,12.0,0.02467145850181919,0.01743843107686075
SOL,24,288,2.0,24.0,0.019605686810265,0.014018011703053217
SOL,24,576,2.0,48.0,0.028715374177931713,0.019700156682508678
SOL,24,1008,2.0,84.0,0.04657746691901264,0.03020882746492555
SOL,24,2016,2.0,168.0,0.08599583518834902,0.053195786577606013
